Top pages,Clicks,Impressions,CTR,Position
https://www.invoicekits.com/blog/how-to-calculate-invoice-totals/,3,290,1.03%,12.24
https://www.invoicekits.com/tools/invoice-calculator/,2,70,2.86%,27.63
https://www.invoicekits.com/tools/late-fee-calculator/,1,241,0.41%,24.72
https://www.invoicekits.com/blog/batch-invoice-generator-guide/,1,85,1.18%,37.99
https://www.invoicekits.com/pricing/,1,15,6.67%,7.67
https://www.invoicekits.com/templates/classic-professional/,1,12,8.33%,10.83
https://www.invoicekits.com/blog/invoice-vs-receipt-difference/,0,148,0%,74.79
https://www.invoicekits.com/blog/how-to-calculate-late-fees-on-invoices/,0,136,0%,23.85
https://www.invoicekits.com/features/time-tracking/,0,93,0%,81.12
https://www.invoicekits.com/blog/how-to-create-professional-invoice/,0,70,0%,35.14
https://www.invoicekits.com/,0,42,0%,9.71
https://www.invoicekits.com/features/ai-invoice-generator/,0,33,0%,76.85
https://www.invoicekits.com/templates/executive/,0,29,0%,51.07
https://www.invoicekits.com/blog/ai-invoice-generator-natural-language/,0,23,0%,66.3
https://www.invoicekits.com/blog/ai-powered-billing-future-invoice-automation/,0,22,0%,28.73
https://www.invoicekits.com/templates/neon-edge/,0,20,0%,3.55
https://www.invoicekits.com/compare/,0,14,0%,15.79
https://www.invoicekits.com/contact/,0,9,0%,13.22
https://invoicekits.com/pricing/,0,9,0%,15.44
https://www.invoicekits.com/templates/clean-slate/,0,7,0%,12.29
https://www.invoicekits.com/help/,0,6,0%,10.5
https://www.invoicekits.com/blog/,0,5,0%,2.8
https://www.invoicekits.com/es/,0,4,0%,11.75
https://www.invoicekits.com/for-small-business/,0,3,0%,7.67
https://www.invoicekits.com/for-consultants/,0,3,0%,13.67
https://www.invoicekits.com/templates/bold-modern/,0,3,0%,17.33
https://www.invoicekits.com/blog/small-business-invoicing-guide/,0,2,0%,7.5
https://invoicekits.com/,0,1,0%,6